{
  "main": {
    "id": "df4a55e6fd23d286",
    "type": "split",
    "children": [
      {
        "id": "f516b7db6856daa4",
        "type": "tabs",
        "children": [
          {
            "id": "92cc4b82b13a0046",
            "type": "leaf",
            "state": {
              "type": "markdown",
              "state": {
                "file": "MagicAwakeningWorld/Magic Awakening/Legend 1/Окружение замка/Имена NPC.md",
                "mode": "source",
                "source": false
              },
              "icon": "lucide-file",
              "title": "Имена NPC"
            }
          }
        ]
      }
    ],
    "direction": "vertical"
  },
  "left": {
    "id": "b442dc6857fcf668",
    "type": "mobile-drawer",
    "children": [
      {
        "id": "9024c023c21f2a3f",
        "type": "leaf",
        "state": {
          "type": "file-explorer",
          "state": {
            "sortOrder": "alphabetical",
            "autoReveal": false
          },
          "icon": "lucide-folder-closed",
          "title": "Files"
        }
      },
      {
        "id": "be0b7c4d396c1386",
        "type": "leaf",
        "state": {
          "type": "search",
          "state": {
            "query": "",
            "matchingCase": false,
            "explainSearch": false,
            "collapseAll": false,
            "extraContext": false,
            "sortOrder": "alphabetical"
          },
          "icon": "lucide-search",
          "title": "Search"
        }
      },
      {
        "id": "46e16aff54ea7c14",
        "type": "leaf",
        "state": {
          "type": "tag",
          "state": {
            "sortOrder": "frequency",
            "useHierarchy": true
          },
          "icon": "lucide-tags",
          "title": "Tags"
        }
      },
      {
        "id": "463e4790aa32cc8d",
        "type": "leaf",
        "state": {
          "type": "bookmarks",
          "state": {},
          "icon": "lucide-bookmark",
          "title": "Bookmarks"
        }
      }
    ],
    "currentTab": 0
  },
  "right": {
    "id": "0627410e00b516f4",
    "type": "mobile-drawer",
    "children": [
      {
        "id": "3817ac450b12e6d3",
        "type": "leaf",
        "state": {
          "type": "backlink",
          "state": {
            "file": "MagicAwakeningWorld/Magic Awakening/События/Синий дождь.md",
            "collapseAll": false,
            "extraContext": false,
            "sortOrder": "alphabetical",
            "showSearch": false,
            "searchQuery": "",
            "backlinkCollapsed": false,
            "unlinkedCollapsed": true
          },
          "icon": "links-coming-in",
          "title": "Backlinks"
        }
      },
      {
        "id": "662f0f2e5def9343",
        "type": "leaf",
        "state": {
          "type": "outgoing-link",
          "state": {
            "file": "MagicAwakeningWorld/Magic Awakening/Путь Героя/Основной путь.md",
            "linksCollapsed": false,
            "unlinkedCollapsed": true
          },
          "icon": "links-going-out",
          "title": "Outgoing links"
        }
      },
      {
        "id": "212fd9b8eb7376d5",
        "type": "leaf",
        "state": {
          "type": "outline",
          "state": {
            "file": "MagicAwakeningWorld/Magic Awakening/Путь Героя/Основной путь.md"
          },
          "icon": "lucide-list",
          "title": "Outline"
        }
      }
    ],
    "currentTab": 0
  },
  "left-ribbon": {
    "hiddenItems": {
      "bases:Create new base": false,
      "switcher:Open quick switcher": false,
      "graph:Open graph view": false,
      "canvas:Create new canvas": false,
      "daily-notes:Open today's daily note": false,
      "templates:Insert template": false,
      "command-palette:Open command palette": false
    }
  },
  "active": "92cc4b82b13a0046",
  "lastOpenFiles": [
    "MagicAwakeningWorld/Magic Awakening/События/Синий дождь.md",
    "MagicAwakeningWorld/Magic Awakening/Мир/Арон.md",
    "Глава 1. Взлеты и падения..md",
    "Pasted image 20250510182044.png",
    "MagicAwakeningWorld/Снежинка 1.md",
    "Сюжетное ядро..md",
    "Концовка.md",
    "Классные реплики.md",
    "MagicAwakeningWorld/Music/Assets and instuments.md",
    "MagicAwakeningWorld/Music",
    "MagicAwakeningWorld/Magic Awakening/Legend 1/Вступление.md",
    "MagicAwakeningWorld/Magic Awakening/Legend 1/Окружение замка/Имена NPC.md",
    "MagicAwakeningWorld/Magic Awakening/Legend 1/Замок/Имена Монахов.md",
    "MagicAwakeningWorld/Magic Awakening/Мир/Планеты/Голубая планета.md",
    "Ue5/Основные понятия.md",
    "Легенда 1/Легенды - Синий страж.md",
    "Ue5",
    "MagicAwakeningWorld/Game Mechanics/Плащ.md",
    "Легенда 1",
    "MagicAwakeningWorld/Game Mechanics/Battle/Battle.md",
    "MagicAwakeningWorld/Game Mechanics/Battle/Timing Attack.md",
    "MagicAwakeningWorld/Magic Awakening/Путь Героя/Основной путь.md",
    "MagicAwakeningWorld/Magic Awakening/Путь Героя",
    "MagicAwakeningWorld/Magic Awakening/Мир/Планеты/Альфа.md",
    "MagicAwakeningWorld/Magic Awakening/Наброски/Введение 1.md",
    "Untitled.canvas",
    "MagicAwakeningWorld/Magic Awakening/Легенды/Легенда о Люцепее.md",
    "MagicAwakeningWorld/Magic Awakening/Легенды",
    "MagicAwakeningWorld/Magic Awakening/Мир/Порталы.md",
    "MagicAwakeningWorld/Magic Awakening/Мир/Blue gold или креоний.md",
    "MagicAwakeningWorld/Magic Awakening/Мир/Голубая впадина.md",
    "MagicAwakeningWorld/Magic Awakening/Введение..md",
    "MagicAwakeningWorld/Magic Awakening/Наброски",
    "MagicAwakeningWorld/Game Mechanics/Battle",
    "MagicAwakeningWorld/Game Mechanics",
    "MagicAwakeningWorld/Magic Awakening/Мир/Система Арон.canvas",
    "MagicAwakeningWorld/Magic Awakening/Мир/Болезни",
    "MagicAwakeningWorld/Magic Awakening/Мир/Планеты"
  ]
}